stations_id,stationsname,bundesland,mess_datum,bedeckungsgrad,lufttemperatur,lufttemperatur_max,lufttemperatur_min,windstaerke,sonnenscheindauer,windspitze,lufttemperatur_absmax,lufttemperatur_absmin,niederschlagshoehe,niederschlagshoehe_max,schneehoehe_neu,schneehoehe,stationshoehe,geobreite,geolaenge
15000,Aachen-Orsbach,Nordrhein-Westfalen,2020-01-15,NA,11.42,15.46,7.21,NA,1906.86,NA,35.4,-6.6,776.1,35.4,NA,NA,231,50.7983,6.0244
7374,Ahaus,Nordrhein-Westfalen,2020-01-15,NA,11.35,15.69,6.66,2.81,1758.2,26.3,34.5,-6.1,795.9,67.9,NA,NA,46,52.0813,6.9409
78,Alfhausen,Niedersachsen,2020-01-15,NA,10.88,15.27,6.31,NA,NA,NA,33.5,-4.8,740.6,24.4,NA,NA,65,52.4853,7.9126
91,Alsfeld-Eifa,Hessen,2020-01-15,NA,9.99,15.02,4.64,NA,NA,NA,35.7,-7.6,618.7,32.9,NA,NA,300,50.7446,9.345
4189,"Altheim, Kreis Biberach",Baden-Wuerttemberg,2020-01-15,NA,9.17,14.75,3.59,NA,2074.58,NA,32.5,-8.3,680,38.8,NA,NA,533,48.1479,9.4596
142,Altomuenster-Maisbrunn,Bayern,2020-01-15,NA,9.88,14.65,5.23,NA,NA,NA,33.4,-6.3,809.5,46.6,NA,NA,511,48.406,11.3117
150,Alzey,Rheinland-Pfalz,2020-01-15,NA,11.65,16.49,6.71,NA,1952.62,NA,35.9,-6.3,421.3,24.6,NA,NA,215,49.7273,8.1164
151,Amberg-Unterammersricht,Bayern,2020-01-15,NA,9.96,15.33,4.69,NA,NA,NA,35.9,-8.9,650.1,26.6,NA,NA,382,49.4691,11.8546
154,Amerang-Pfaffing,Bayern,2020-01-15,NA,9.48,14.99,4.31,NA,2107.48,NA,33.2,-7.8,1074.5,65.7,NA,NA,516,48.0197,12.2925
161,Andernach,Rheinland-Pfalz,2020-01-15,NA,12.07,17.16,6.55,NA,1921.28,NA,37.2,-6.2,495.5,25.1,NA,NA,75,50.4237,7.4202
164,Angermuende,Brandenburg,2020-01-15,NA,10.75,15.25,6.09,2.63,1864.46,25,36.1,-6.2,438.9,36,NA,0,54,53.0316,13.9908
167,Anklam,Mecklenburg-Vorpommern,2020-01-15,NA,10.37,14.57,6.03,NA,NA,NA,34.6,-4.9,476,19.5,NA,NA,9,53.8412,13.6846
183,Arkona,Mecklenburg-Vorpommern,2020-01-15,5.47,10.3,12.71,8.02,3.97,2139.58,31,26.2,-1.2,543.3,29.9,NA,NA,42,54.6791,13.4344
183,Arkona,Mecklenburg-Vorpommern,2020-01-15,5.47,10.3,12.71,8.02,3.97,2139.58,31,26.2,-1.2,543.3,29.9,NA,NA,42,54.6792,13.4343
7330,Arnsberg-Neheim,Nordrhein-Westfalen,2020-01-15,NA,10.7,15.92,4.76,NA,1694.95,NA,34.6,-8.5,704.7,23.6,NA,NA,159,51.4633,7.978
191,Arnstein-Muedesheim,Bayern,2020-01-15,NA,10.41,16.08,4.73,NA,NA,NA,36,-8.1,592.7,42.9,NA,NA,217,49.9694,9.9114
198,Artern,Thueringen,2020-01-15,5.5,11.07,16.01,6.16,2.5,1837.86,25.8,36.4,-7,375.4,17.6,NA,NA,164,51.3744,11.292
198,Artern,Thueringen,2020-01-15,5.5,11.07,16.01,6.16,2.5,1837.86,25.8,36.4,-7,375.4,17.6,NA,NA,164,51.3745,11.292
217,Attenkam,Bayern,2020-01-15,NA,9.58,14.46,4.81,NA,NA,NA,33,-8.3,1220.1,71.3,NA,NA,670,47.8774,11.3643
222,Aue,Sachsen,2020-01-15,NA,9.99,15.29,4.69,NA,NA,NA,35.1,-8.4,756.9,61.6,NA,NA,393,50.5908,12.7139
232,Augsburg,Bayern,2020-01-15,NA,9.76,15.08,4.14,2.25,2002.04,29.9,33.6,-8.3,712.1,36.5,NA,NA,462,48.4253,10.9417
13965,Balingen-Bronnhaupten,Baden-Wuerttemberg,2020-01-15,NA,10.09,15.31,4.77,2.34,2223,30.3,34.7,-7.4,664.6,26,NA,NA,619,48.2639,8.8134
282,Bamberg,Bayern,2020-01-15,NA,10.22,15.89,4.11,NA,1811.87,NA,36.8,-9.5,563.3,41.6,NA,NA,240,49.8743,10.9206
294,Barsinghausen-Hohenbostel,Niedersachsen,2020-01-15,NA,11.43,15.92,7.29,NA,NA,NA,37,-5.2,638.5,52,NA,NA,110,52.3199,9.43
298,Barth,Mecklenburg-Vorpommern,2020-01-15,NA,9.98,13.9,5.19,2.91,2045.93,28.9,29.9,-6.8,610.6,49.4,NA,NA,3,54.3405,12.7108
298,Barth,Mecklenburg-Vorpommern,2020-01-15,NA,9.98,13.9,5.19,2.91,2045.93,28.9,29.9,-6.8,610.6,49.4,NA,NA,3,54.3406,12.7108
303,Baruth,Brandenburg,2020-01-15,NA,NA,NA,NA,NA,1952.82,NA,NA,NA,422.2,22.6,NA,NA,55,52.0613,13.4997
303,Baruth,Brandenburg,2020-01-15,NA,NA,NA,NA,NA,1952.82,NA,NA,NA,422.2,22.6,NA,NA,55,52.0614,13.4996
5825,Berge,Brandenburg,2020-01-15,NA,11.07,15.62,6.32,2.47,NA,26.8,35.5,-5,435,20.4,NA,NA,40,52.6198,12.7867
377,"Bergzabern, Bad",Rheinland-Pfalz,2020-01-15,NA,12.45,16.67,8.16,NA,NA,NA,34.7,-3.3,704.1,34.2,NA,NA,210,49.107,7.9967
390,"Berleburg, Bad-Stuenzel",Nordrhein-Westfalen,2020-01-15,NA,8.57,12.56,4.68,NA,NA,NA,33.3,-7.5,982.7,29.8,NA,NA,610,50.9837,8.3683
400,Berlin-Buch,Berlin,2020-01-15,NA,11.15,15.91,6.33,NA,NA,NA,37.4,-5,512.8,32.2,NA,NA,60,52.6309,13.5022
403,Berlin-Dahlem (FU),Berlin,2020-01-15,5.07,11.14,15.7,6.58,2.69,2077.27,24,35.7,-4.8,477.4,21.1,0,0,51,52.4537,13.3017
420,Berlin-Marzahn,Berlin,2020-01-15,NA,11.63,15.86,7.41,NA,NA,NA,36.5,-3.6,481.2,27.4,NA,NA,60,52.5447,13.5598
430,Berlin-Tegel,Berlin,2020-01-15,5.15,11.54,15.92,6.82,2.61,1902.02,23.5,36.5,-7.1,471.7,23.7,0,0,36,52.5644,13.3088
433,Berlin-Tempelhof,Berlin,2020-01-15,NA,11.72,16,7.35,2.55,1881.46,23.3,36.4,-4.6,478.8,19.9,NA,NA,48,52.4675,13.4021
427,Berlin Brandenburg,Brandenburg,2020-01-15,5.1,11.37,16,6.44,2.89,1894.25,27.4,36.4,-6.2,529.1,28,0,0,46,52.3807,13.5306
2252,Bertsdorf-Hoernitz,Sachsen,2020-01-15,NA,9.75,14.58,4.57,1.98,NA,23.3,32.5,-9.4,777.7,49.3,NA,NA,270,50.899,14.7457
460,Berus,Saarland,2020-01-15,NA,11.26,15.69,7.27,NA,1950.14,NA,35.8,-5.5,829.1,30.6,NA,NA,363,49.2641,6.6868
2323,"Bevern, Kr. Holzminden",Niedersachsen,2020-01-15,NA,11,15.76,6.04,NA,NA,NA,35.5,-5.9,726.8,23.3,NA,NA,110,51.8529,9.4953
7106,Bielefeld-Deppendorf,Nordrhein-Westfalen,2020-01-15,NA,10.92,15.67,5.9,NA,NA,NA,35,-5.8,810.5,26.4,NA,NA,105,52.0714,8.4565
1411,Birx/Rhoen,Thueringen,2020-01-15,NA,8.27,12.06,4.6,NA,NA,NA,30.9,-8.1,864.6,27.8,NA,NA,745,50.5309,10.048
535,Blankenrath,Rheinland-Pfalz,2020-01-15,NA,10.13,14.55,5.61,NA,NA,NA,35.5,-7,708.2,35.1,NA,NA,417,50.0372,7.3079
591,Boizenburg,Mecklenburg-Vorpommern,2020-01-15,NA,10.81,15.31,6.49,NA,1802.09,NA,35,-5,592.7,25.1,NA,NA,45,53.3911,10.6878
596,Boltenhagen,Mecklenburg-Vorpommern,2020-01-15,NA,10.45,13.81,6.95,NA,1955.14,NA,30.9,-3.5,614.5,48.5,NA,NA,15,54.0027,11.1908
596,Boltenhagen,Mecklenburg-Vorpommern,2020-01-15,NA,10.45,13.81,6.95,NA,1955.14,NA,30.9,-3.5,614.5,48.5,NA,NA,15,54.0028,11.1908
7373,Borkum-Flugplatz,Niedersachsen,2020-01-15,NA,11.07,13.97,8.03,NA,1885.93,NA,31.7,-1.9,1019.4,54.3,NA,NA,3,53.5984,6.7024
656,Braunlage,Niedersachsen,2020-01-15,5.8,8.17,11.98,4.37,NA,NA,NA,30.8,-7.4,1209.4,52.7,NA,NA,607,51.7234,10.6021
662,Braunschweig,Niedersachsen,2020-01-15,5.34,11.28,15.53,6.8,2.47,1952.46,NA,34.4,-4.2,526.7,24.7,NA,NA,81,52.2915,10.4464
691,Bremen,Bremen,2020-01-15,5.36,11.14,15.49,6.43,2.89,1873.33,28.5,34.3,-5.9,541.1,30.5,0,0,4,53.045,8.7979
701,Bremerhaven,Bremen,2020-01-15,NA,11.21,14.34,8.19,NA,NA,NA,32.5,-1.6,704.5,24.2,NA,NA,7,53.5332,8.5761
704,Bremervoerde,Niedersachsen,2020-01-15,NA,10.63,14.92,6.11,NA,1640.31,NA,33.2,-4.9,700.3,32.6,NA,NA,11,53.4451,9.139
6264,Brilon-Thuelen,Nordrhein-Westfalen,2020-01-15,NA,9.65,13.69,5.49,NA,NA,NA,32.7,-8.2,784.4,41.7,NA,NA,457,51.414,8.65
755,"Buchen, Kr. Neckar-Odenwald",Baden-Wuerttemberg,2020-01-15,NA,10.19,15.79,4.43,NA,NA,NA,35.3,-8.3,665.6,25.9,NA,NA,340,49.5182,9.3213
757,Buchenbach,Baden-Wuerttemberg,2020-01-15,NA,11.3,16.67,6.57,NA,NA,NA,35.3,-5.8,1026,54.3,NA,NA,445,47.9625,7.9983
817,Burgwald-Bottendorf,Hessen,2020-01-15,NA,9.97,15.08,4.53,NA,NA,NA,35.1,-8.3,572.8,54.8,NA,NA,293,51.0306,8.8146
840,Carlsfeld,Sachsen,2020-01-15,NA,6.66,10.5,2.69,2.16,1737.41,22.4,28.9,-11.4,1096.3,52.4,NA,NA,895,50.4313,12.6114
840,Carlsfeld,Sachsen,2020-01-15,NA,6.66,10.5,2.69,2.16,1737.41,22.4,28.9,-11.4,1096.3,52.4,NA,NA,897,50.4313,12.6114
853,Chemnitz,Sachsen,2020-01-15,NA,10.27,14.49,6.12,NA,1970.1,NA,34.6,-6.9,654.5,64.2,NA,NA,416,50.7913,12.872
853,Chemnitz,Sachsen,2020-01-15,NA,10.27,14.49,6.12,NA,1970.1,NA,34.6,-6.9,654.5,64.2,NA,NA,418,50.7913,12.872
3164,"Coelbe, Kr. Marburg-Biedenkopf",Hessen,2020-01-15,NA,10.83,15.98,5.31,NA,NA,NA,36.2,-7.2,552.7,22.2,NA,NA,187,50.8492,8.7746
6170,Coschen,Brandenburg,2020-01-15,NA,10.65,15.95,4.92,NA,NA,NA,35.6,-8.1,564.7,39.6,NA,NA,40,52.0192,14.7254
880,Cottbus,Brandenburg,2020-01-15,NA,11.24,16.25,5.95,2.16,1882.76,22.6,36.1,-8.1,487.4,44.2,NA,NA,69,51.776,14.3168
891,Cuxhaven,Niedersachsen,2020-01-15,NA,11.24,14.09,8.6,3.2,1879.11,30.5,30.3,-1.5,843.2,32.2,NA,NA,5,53.8713,8.7058
5688,Dachsberg-Wolpadingen,Baden-Wuerttemberg,2020-01-15,NA,9.28,13.69,5.26,NA,NA,NA,32.7,-7.1,1576.8,91.5,NA,NA,880,47.7003,8.1057
896,Dachwig,Thueringen,2020-01-15,NA,10.72,16.1,5.06,NA,NA,NA,35.6,-9.7,471.8,30.2,NA,NA,170,51.0778,10.8619
917,Darmstadt,Hessen,2020-01-15,NA,11.33,16.91,5.82,NA,NA,NA,37,-7.8,657.2,29.1,NA,NA,162,49.8809,8.6779
6273,Demker,Sachsen-Anhalt,2020-01-15,NA,11.19,16.22,5.9,NA,NA,NA,36.3,-6.1,432.4,31.8,NA,NA,36,52.5075,11.8551
953,Deuselbach,Rheinland-Pfalz,2020-01-15,5.13,10.49,14.55,6.51,2.78,1849.75,30.7,34.9,-6,828.3,28.9,NA,NA,481,49.7619,7.0542
7343,Deutschneudorf-Bruederwiese,Sachsen,2020-01-15,NA,7.29,12.12,2.12,NA,NA,NA,30.5,-12,770.3,32.9,NA,NA,689,50.62,13.4817
7343,Deutschneudorf-Bruederwiese,Sachsen,2020-01-15,NA,7.29,12.12,2.12,NA,NA,NA,30.5,-12,770.3,32.9,NA,NA,688,50.6199,13.4816
963,Diepholz,Niedersachsen,2020-01-15,5.49,11.03,15.45,6.04,2.67,NA,28.4,34.3,-5.8,701.9,36.8,NA,NA,38,52.5881,8.3424
979,Dillenburg,Hessen,2020-01-15,NA,10.13,15.71,4.69,NA,1766.26,NA,37.3,-8.6,713.4,30.9,NA,NA,314,50.7364,8.2672
991,Dippoldiswalde-Reinberg,Sachsen,2020-01-15,NA,9.38,14.77,3.46,NA,NA,NA,33.6,-10,644.7,57.1,NA,NA,359,50.9116,13.7087
1001,Doberlug-Kirchhain,Brandenburg,2020-01-15,NA,10.99,16.15,5.49,NA,1874.84,24.4,36.1,-7.7,494,32.7,NA,NA,97,51.6451,13.5747
6163,Doernick,Schleswig-Holstein,2020-01-15,NA,10.37,14.31,6.07,2.64,1805.34,28.3,30.9,-3.9,709,30,NA,NA,27,54.1654,10.3519
6159,Doerpen,Niedersachsen,2020-01-15,NA,11.09,15.37,6.61,2.5,1709.84,26.1,34.2,-3.7,861.9,43.2,NA,NA,8,52.9542,7.3196
7319,Donauwoerth-Osterweiler,Bayern,2020-01-15,NA,9.88,14.79,4.95,NA,NA,NA,33.6,-6.9,636.6,29.2,NA,NA,435,48.7374,10.7393
1050,Dresden-Hosterwitz,Sachsen,2020-01-15,NA,11.51,16.25,6.34,NA,1873.56,NA,35.4,-6.6,611.7,43.6,NA,NA,112,51.0221,13.847
1050,Dresden-Hosterwitz,Sachsen,2020-01-15,NA,11.51,16.25,6.34,NA,1873.56,NA,35.4,-6.6,611.7,43.6,NA,NA,114,51.0221,13.847
1048,Dresden-Klotzsche,Sachsen,2020-01-15,5.24,11.02,15.4,6.56,2.87,1986.45,26.9,34.4,-6.3,536,54.1,2,2,227,51.128,13.7543
1051,Dresden-Strehlen,Sachsen,2020-01-15,NA,11.44,16.44,6.19,NA,NA,NA,35.8,-7.4,573,53.2,NA,NA,120,51.0248,13.775
1052,Drewitz bei Burg,Sachsen-Anhalt,2020-01-15,NA,11.06,16.06,5.94,NA,NA,NA,35.8,-7.7,578.8,100.4,NA,NA,80,52.2174,12.1641
1072,"Duerkheim, Bad",Rheinland-Pfalz,2020-01-15,NA,12.32,17.3,6.9,NA,NA,NA,36.4,-6.7,457.1,20.3,NA,NA,107,49.4719,8.1929
1078,Duesseldorf,Nordrhein-Westfalen,2020-01-15,5.02,12.25,16.83,7.22,2.95,1814.6,30.5,36.9,-5.7,617.7,30.6,0,0,37,51.296,6.7686
13670,Duisburg-Baerl,Nordrhein-Westfalen,2020-01-15,NA,12.41,16.88,7.8,NA,NA,NA,36.1,-4.4,694.9,25.9,NA,NA,24,51.5088,6.7018
1103,Ebersberg-Halbing,Bayern,2020-01-15,NA,9.7,14.25,5.56,NA,NA,NA,31.3,-7,1018.7,84.2,NA,NA,592,48.1003,11.9872
1107,Ebrach,Bayern,2020-01-15,NA,9.61,15.13,4.29,NA,NA,NA,34.5,-7.8,667.7,32.6,NA,NA,346,49.852,10.4991
7368,Eisenach,Thueringen,2020-01-15,NA,10.24,14.49,5.71,NA,1882.99,NA,34.5,-7,615.9,65.1,NA,NA,312,51.0007,10.3621
1197,Ellwangen-Rindelbach,Baden-Wuerttemberg,2020-01-15,NA,9.91,15.62,4.5,NA,2013.35,NA,35.2,-8,764.4,33.6,NA,NA,460,48.9895,10.1312
1200,Elpersbuettel,Schleswig-Holstein,2020-01-15,NA,10.58,14.22,6.57,NA,1971.14,NA,32.1,-3.8,853.7,30,NA,NA,3,54.0691,9.0105
7075,Elsendorf-Horneck,Bayern,2020-01-15,NA,9.96,15.7,4.65,NA,NA,NA,35.6,-7.1,665.5,31.3,NA,NA,429,48.702,11.8493
1207,"Elster, Bad-Sohl",Sachsen,2020-01-15,NA,8.46,13.05,3.94,NA,NA,NA,33,-8.5,714.2,58.8,NA,NA,558,50.2705,12.2742
1214,Elzach-Fisnacht,Baden-Wuerttemberg,2020-01-15,NA,11.06,16.61,5.83,NA,1920.93,NA,35.4,-6.7,1247.4,50.4,NA,NA,431,48.2012,8.1088
5839,Emden,Niedersachsen,2020-01-15,NA,10.84,14.69,6.88,2.84,1671.92,26.1,32.9,-2.9,830.8,25.1,NA,NA,0,53.3881,7.2287
1224,Emmendingen-Mundingen,Baden-Wuerttemberg,2020-01-15,NA,11.81,17.83,5.56,NA,NA,NA,36,-7.4,637.5,31.7,NA,NA,201,48.1378,7.8351
1246,Ennigerloh-Ostenfelde,Nordrhein-Westfalen,2020-01-15,NA,11.43,15.65,6.94,NA,1912.06,NA,34.8,-5.7,735.7,49.3,NA,NA,104,51.8418,8.0607
1266,Erfde,Schleswig-Holstein,2020-01-15,NA,10.49,14.34,6.6,NA,NA,NA,32.6,-2.5,914.7,30.1,NA,NA,18,54.2992,9.3162
1270,Erfurt-Weimar,Thueringen,2020-01-15,5.06,10.31,14.79,5.39,2.92,1922.88,27.5,34.8,-7.5,498.1,34.2,1,1,316,50.9829,10.9608
1297,Eschwege,Hessen,2020-01-15,NA,10.74,15.75,5.4,NA,1825.53,NA,36.4,-6,527.6,25.6,NA,NA,156,51.2041,10.0138
1300,Eslohe,Nordrhein-Westfalen,2020-01-15,NA,9.44,14.35,4,NA,NA,NA,34.9,-8.7,947.6,27,NA,NA,351,51.254,8.1565
1332,"Falkenberg,Kr.Rottal-Inn",Bayern,2020-01-15,NA,9.91,14.6,5.53,NA,NA,NA,32.4,-6.1,800.2,41.5,NA,NA,471,48.4832,12.7241
5516,Fehmarn,Schleswig-Holstein,2020-01-15,NA,10.91,13.39,8.47,NA,2025.17,NA,30.7,-1.5,501.3,31.9,NA,NA,3,54.5283,11.0606
7351,Feldberg/Mecklenburg,Mecklenburg-Vorpommern,2020-01-15,NA,9.95,14.37,5.27,2.67,NA,28.7,35,-6.4,537.6,20.4,NA,NA,116,53.3175,13.4175
7369,Feuchtwangen-Heilbronn,Bayern,2020-01-15,NA,9.52,14.53,4.23,NA,NA,NA,33.5,-8.2,643.4,23.6,NA,NA,475,49.1623,10.3661
1357,Fichtelberg/Oberfranken-Huettstadl,Bayern,2020-01-15,NA,8.06,12.72,3.53,NA,NA,NA,31.8,-9.9,966.8,43.6,NA,NA,655,49.9807,11.8376
1357,Fichtelberg/Oberfranken-Huettstadl,Bayern,2020-01-15,NA,8.06,12.72,3.53,NA,NA,NA,31.8,-9.9,966.8,43.6,NA,NA,654,49.9807,11.8376
1420,Frankfurt/Main,Hessen,2020-01-15,5.07,12.12,17.01,6.99,2.55,2025.46,NA,37.5,-5.7,542.5,25,5,5,100,50.0259,8.5213
1424,Frankfurt/Main-Westend,Hessen,2020-01-15,NA,12.59,16.98,8.38,NA,NA,NA,37.4,-3.8,528.2,20.6,NA,NA,124,50.1269,8.6694
1443,Freiburg,Baden-Wuerttemberg,2020-01-15,NA,12.55,17.9,6.85,2.13,2072.12,24.8,35.6,-6.2,664.1,28.4,NA,NA,237,48.0232,7.8343
1451,Freiburg/Elbe,Niedersachsen,2020-01-15,NA,10.69,14.75,6.79,NA,NA,NA,32.7,-2.3,790.2,27.6,NA,NA,2,53.8277,9.2493
7187,Freudenberg/Main-Boxtal,Baden-Wuerttemberg,2020-01-15,NA,10.96,16.38,5.77,NA,NA,NA,36.2,-6.7,638.9,27.3,NA,NA,193,49.7636,9.4063
1468,Freudenstadt,Baden-Wuerttemberg,2020-01-15,5.45,9.08,13.29,4.85,2.52,2008.85,32.8,32.2,-7.3,1476.3,67.5,NA,NA,797,48.4538,8.409
6258,Friedrichshafen-Unterraderach,Baden-Wuerttemberg,2020-01-15,NA,10.82,15.45,6.5,NA,NA,NA,33.1,-5,930.6,42,NA,NA,461,47.6845,9.4409
5856,Fuerstenzell,Bayern,2020-01-15,NA,9.7,14.23,5.51,NA,2059.82,NA,32.5,-6.7,909.5,31.6,NA,NA,476,48.5451,13.3532
1526,Fulda-Horas,Hessen,2020-01-15,NA,10.14,15.74,4.01,NA,NA,NA,36,-8.5,520.5,NA,NA,NA,242,50.5668,9.6533
1544,Gardelegen,Sachsen-Anhalt,2020-01-15,NA,10.92,15.97,5.35,2.13,1834.25,27.3,36.2,-7.5,523.7,25.1,NA,NA,47,52.5129,11.3942
1544,Gardelegen,Sachsen-Anhalt,2020-01-15,NA,10.92,15.97,5.35,2.13,1834.25,27.3,36.2,-7.5,523.7,25.1,NA,NA,47,52.5129,11.3941
1550,Garmisch-Partenkirchen,Bayern,2020-01-15,NA,8.41,15.01,2.98,NA,1821.31,NA,32.3,-11,1421.3,58,NA,NA,719,47.483,11.0621
3234,Garsebach bei Meissen,Sachsen,2020-01-15,NA,10.71,16.32,4.78,NA,NA,NA,35.4,-8.6,594.2,58.7,NA,NA,158,51.1294,13.4328
1580,Geisenheim,Hessen,2020-01-15,5.53,12.22,16.99,7.46,2.09,1989.64,23.9,37,-5.6,418.5,27,NA,NA,110,49.9859,7.9548
1584,Geisingen,Baden-Wuerttemberg,2020-01-15,NA,9.43,15.13,4.06,NA,NA,NA,34.4,-9.3,653.4,32.1,NA,NA,672,47.9242,8.6473
1587,Gelbelsee,Bayern,2020-01-15,5.38,9.8,14.03,5.68,2.2,2063.71,26.4,33.3,-5.7,610.3,26.9,NA,NA,536,48.9481,11.4289
1590,Geldern-Walbeck,Nordrhein-Westfalen,2020-01-15,NA,12.18,16.85,7.56,NA,1902.46,NA,36.7,-3.9,621.2,24.3,NA,NA,37,51.4942,6.2463
1612,Gera-Leumnitz,Thueringen,2020-01-15,NA,10.43,15.1,5.7,NA,1853.25,NA,35.4,-7.1,524.2,40.9,NA,NA,311,50.8812,12.1289
1612,Gera-Leumnitz,Thueringen,2020-01-15,NA,10.43,15.1,5.7,NA,1853.25,NA,35.4,-7.1,524.2,40.9,NA,NA,311,50.8813,12.1289
131,Geringswalde-Altgeringswalde,Sachsen,2020-01-15,NA,10.5,15.22,6.11,NA,1927.68,NA,35.3,-6.6,678.4,69.5,NA,NA,296,51.0881,12.9326
13700,Gevelsberg-Oberbroeking,Nordrhein-Westfalen,2020-01-15,NA,11.23,15.41,6.82,NA,NA,NA,35.2,-6.5,848,28.6,NA,NA,205,51.3329,7.3411
1645,Gilserberg-Moischeid,Hessen,2020-01-15,NA,9.33,14.53,3.73,NA,NA,NA,34.5,-8.7,604.3,40.1,NA,NA,340,50.9656,9.05
1666,Gluecksburg-Meierwik,Schleswig-Holstein,2020-01-15,NA,10.45,NA,NA,NA,NA,NA,NA,NA,643.9,NA,NA,NA,12,54.8273,9.5058
1684,Goerlitz,Sachsen,2020-01-15,5.33,10.5,14.82,5.97,2.77,1996.76,25.6,32.8,-6.8,666.2,38.5,NA,NA,238,51.1622,14.9506
5149,Gollhofen,Bayern,2020-01-15,NA,10.65,15.85,5.4,NA,NA,NA,35,-7.4,522.4,24,NA,NA,306,49.5741,10.1915
7395,Gottfrieding,Bayern,2020-01-15,NA,9.76,15.13,4.32,NA,2009.07,NA,33.5,-8.3,744.6,43.2,NA,NA,351,48.6595,12.5388
1721,Graefenberg-Kasberg,Bayern,2020-01-15,NA,9.79,14.04,5.72,NA,NA,NA,33.6,-5.4,885.2,60,NA,NA,506,49.664,11.2239
1735,Grainet-Rehberg,Bayern,2020-01-15,NA,8.73,13.38,3.99,NA,1856.63,NA,31,-9.4,1000.8,44.7,NA,NA,628,48.7894,13.629
1736,Grambek,Schleswig-Holstein,2020-01-15,NA,10.4,15.06,5.54,NA,NA,NA,33.4,-5.5,677.6,32.7,NA,NA,27,53.5731,10.6797
6109,Grambow-Schwennenz,Mecklenburg-Vorpommern,2020-01-15,NA,10.43,14.74,5.88,NA,1888.08,NA,34.8,-6.2,533.8,37,NA,NA,50,53.3837,14.3728
1757,Greifswald,Mecklenburg-Vorpommern,2020-01-15,NA,10.46,14.18,6.59,NA,1833.24,NA,31.2,-4.9,552.3,39,NA,NA,2,54.0967,13.4056
1759,Greifswalder Oie,Mecklenburg-Vorpommern,2020-01-15,NA,10.74,13.05,8.77,NA,NA,NA,29.4,-0.8,435.1,23.5,NA,NA,12,54.2437,13.9102
1803,Gross Luesewitz,Mecklenburg-Vorpommern,2020-01-15,NA,10.01,14.08,5.5,NA,NA,27.6,31.7,-4.1,615.1,49.8,NA,NA,34,54.0714,12.3238
1832,Grosser Arber,Bayern,2020-01-15,NA,4.94,8.31,2.03,3.89,NA,44.8,25.7,-12.8,1085.9,NA,NA,NA,1436,49.1129,13.1338
6259,Grosserlach-Mannenweiler,Baden-Wuerttemberg,2020-01-15,NA,10.56,14.77,6.53,NA,NA,NA,33.5,-5.1,917.8,44.7,NA,NA,524,49.021,9.6033
1863,Gruendau-Breitenborn,Hessen,2020-01-15,NA,11.08,15.74,6.62,NA,NA,NA,36,-5.1,805.9,26.3,NA,NA,258,50.2667,9.1854
1869,Gruenow,Brandenburg,2020-01-15,5.52,10.38,14.7,5.84,2.89,1933.68,24.4,35.3,-6.1,364.3,18.4,NA,NA,56,53.3153,13.9338
1886,Guenzburg,Bayern,2020-01-15,NA,9.7,14.93,4.33,NA,NA,27,33.6,-6.8,654.4,26.4,NA,NA,444,48.4878,10.2608
5871,Hahn,Rheinland-Pfalz,2020-01-15,NA,9.98,13.92,6.18,NA,NA,NA,34,-5.7,644.1,26.9,NA,NA,497,49.9463,7.2645
5871,Hahn,Rheinland-Pfalz,2020-01-15,NA,9.98,13.92,6.18,NA,NA,NA,34,-5.7,644.1,26.9,NA,NA,497,49.9462,7.2645
1975,Hamburg-Fuhlsbuettel,Hamburg,2020-01-15,5.36,10.81,15,6.28,2.87,1847.76,29.2,33.3,-5.1,668,29.5,2,2,14,53.6332,9.9881
1981,Hamburg-Neuwiedenthal,Hamburg,2020-01-15,NA,11.24,15.46,7.04,NA,NA,NA,34,-3.5,706.3,31.9,NA,NA,3,53.4777,9.8957
13675,Hameln-Hastenbeck,Niedersachsen,2020-01-15,NA,11.02,15.79,6.06,NA,NA,NA,35.4,-5.8,636.1,24.5,NA,NA,77,52.0818,9.4077
2014,Hannover,Niedersachsen,2020-01-15,5.31,11.27,15.69,6.57,2.71,1801.12,30,35.7,-6.2,494.1,27.3,0,0,59,52.4644,9.6779
2039,"Harzburg, Bad",Niedersachsen,2020-01-15,NA,11.14,15.6,6.09,NA,NA,NA,35.4,-7.6,505.9,NA,NA,NA,201,51.9002,10.5699
7298,Hattstedt,Schleswig-Holstein,2020-01-15,NA,10.31,13.99,6.19,NA,1779.75,NA,32.6,-4.2,879.1,38.9,NA,NA,5,54.5268,9.0425
2074,Hechingen,Baden-Wuerttemberg,2020-01-15,NA,10.27,15.98,4.68,NA,NA,NA,34.7,-8.2,731.5,37.6,NA,NA,518,48.3752,8.98
7389,Heckelberg,Brandenburg,2020-01-15,NA,10.64,15.05,5.9,NA,NA,NA,35.1,-5.6,542.4,54.7,NA,NA,82,52.7461,13.8427
320,Heinersreuth-Vollhof,Bayern,2020-01-15,NA,9.54,14.99,3.85,NA,1857.39,NA,35.1,-8.4,652.6,44,NA,NA,350,49.9667,11.5197
2110,Heinsberg-Schleiden,Nordrhein-Westfalen,2020-01-15,NA,12.06,16.82,7.16,NA,NA,NA,36.8,-5.4,615.8,26.4,NA,NA,57,51.0411,6.1042
2115,Helgoland,Schleswig-Holstein,2020-01-15,NA,11.31,13.13,9.48,NA,1906.15,NA,26.7,1.1,843.8,46.8,NA,NA,4,54.175,7.892
13777,Helmstedt-Emmerstedt,Niedersachsen,2020-01-15,NA,10.83,15.69,5.46,NA,NA,NA,35.8,-6.7,470.9,31.6,NA,NA,110,52.2467,10.9592
7331,Hermaringen-Allewind,Baden-Wuerttemberg,2020-01-15,NA,9.5,14.74,4.13,NA,2065.25,NA,34.7,-7.2,747.2,29.6,NA,NA,467,48.6099,10.2674
2171,"Hersfeld, Bad",Hessen,2020-01-15,NA,10.45,15.51,5.21,2.2,1790.16,25.5,36,-7.9,561.5,31.9,NA,NA,272,50.852,9.7377
2174,Herzberg,Niedersachsen,2020-01-15,NA,10.26,14.72,5.42,NA,NA,NA,34.6,-7.2,698.2,43.2,NA,NA,238,51.6255,10.3695
2201,Hiddensee-Vitte,Mecklenburg-Vorpommern,2020-01-15,NA,10.75,13.64,8.09,NA,NA,NA,29.4,-2.6,552.7,27.1,NA,NA,1,54.575,13.1044
2261,Hof,Bayern,2020-01-15,NA,8.98,13.15,4.66,NA,1759.8,NA,32.5,-7.5,754.9,83,NA,NA,565,50.3123,11.876
2290,Hohenpeissenberg,Bayern,2020-01-15,4.99,8.98,13.06,5.5,2.74,2226.44,40.2,30.1,-8.4,1247.1,76.2,NA,NA,977,47.8009,11.0108
2306,Hohwacht,Schleswig-Holstein,2020-01-15,NA,10.5,14.11,6.7,NA,NA,NA,31.7,-3.2,630,34.5,NA,NA,8,54.3194,10.6732
2319,Holzkirchen,Bayern,2020-01-15,NA,9.44,14.97,4.59,NA,NA,NA,33.8,-7.6,1292.9,85.1,NA,NA,685,47.8823,11.6961
7393,Hoyerswerda,Sachsen,2020-01-15,NA,11.13,16.13,5.52,2.41,2006.56,29.1,35.3,-8.2,527.5,62.7,NA,NA,116,51.4493,14.2533
2362,Huemmerich,Rheinland-Pfalz,2020-01-15,NA,10.83,14.88,6.72,NA,NA,NA,35,-5.1,662.2,32,NA,NA,328,50.5651,7.4843
6266,Huy-Pabstorf,Sachsen-Anhalt,2020-01-15,NA,11.21,16.34,6.24,NA,NA,NA,36.2,-5.9,450.9,25.9,NA,NA,112,52.0304,10.9626
6260,Ingelfingen-Stachenhausen,Baden-Wuerttemberg,2020-01-15,NA,10.67,15.67,5.97,NA,NA,NA,34.5,-6.2,668,25.6,NA,NA,385,49.3328,9.704
2429,Itzehoe,Schleswig-Holstein,2020-01-15,NA,10.94,15.12,6.25,2.17,NA,21.9,33.8,-4.8,904.5,28.9,NA,NA,21,53.9897,9.5696
2444,Jena (Sternwarte),Thueringen,2020-01-15,NA,11.42,16.73,6.34,NA,NA,NA,36.3,-6.1,595,52.3,NA,NA,155,50.9251,11.583
7364,Jessnitz,Sachsen-Anhalt,2020-01-15,NA,11.27,16.26,6.19,NA,NA,NA,36,-6.7,533.9,31.3,NA,NA,74,51.6818,12.3053
2480,Kahl/Main,Bayern,2020-01-15,NA,12.03,17.01,6.93,NA,NA,NA,37.5,-6,650,36.1,NA,NA,108,50.0643,8.993
2483,Kahler Asten,Nordrhein-Westfalen,2020-01-15,NA,7.28,10.41,4.36,NA,1603.11,NA,29.4,-8,1095.8,33.1,NA,NA,839,51.1803,8.4891
2485,Kaisersbach-Cronhuette,Baden-Wuerttemberg,2020-01-15,5.36,9.53,15.15,4.09,1.6,1962.61,23.3,34.1,-6.7,941.1,49.9,NA,NA,489,48.917,9.6871
2486,Kaiserslautern,Rheinland-Pfalz,2020-01-15,NA,11.43,16.91,6.24,NA,NA,NA,36.7,-6.8,640.2,23.2,NA,NA,271,49.4262,7.7557
2497,Kall-Sistig,Nordrhein-Westfalen,2020-01-15,NA,9.7,13.75,5.36,NA,1832.09,29.7,33.3,-7.1,727,40.4,NA,NA,505,50.5014,6.5264
6310,Karlshagen,Mecklenburg-Vorpommern,2020-01-15,NA,10.05,14.03,5.39,NA,1918.2,NA,32.7,-6,466.4,21.6,NA,NA,1,54.1049,13.8239
15555,Kaufbeuren-Oberbeuren,Bayern,2020-01-15,NA,9.25,13.32,5.14,NA,2259.29,NA,30.7,-8.7,1096.4,49.5,NA,NA,815,47.8761,10.5849
2559,Kempten,Bayern,2020-01-15,NA,9.21,15,3.83,NA,2034.12,NA,33,-9.4,1212.1,64.6,NA,NA,705,47.7233,10.3348
3679,Kiefersfelden-Gach,Bayern,2020-01-15,NA,9.38,14.98,4.64,NA,NA,NA,32.9,-8.2,1372.3,76.4,NA,NA,518,47.6187,12.1665
2564,Kiel-Holtenau,Schleswig-Holstein,2020-01-15,NA,10.64,14.21,6.82,NA,NA,NA,31.2,-2.9,637.2,22.6,NA,NA,28,54.3776,10.1424
2575,Kirchberg/Jagst-Herboldshausen,Baden-Wuerttemberg,2020-01-15,NA,10.09,15.25,4.86,NA,NA,NA,34.7,-7.7,651.9,26.4,NA,NA,432,49.1804,9.98
2575,Kirchberg/Jagst-Herboldshausen,Baden-Wuerttemberg,2020-01-15,NA,10.09,15.25,4.86,NA,NA,NA,34.7,-7.7,651.9,26.4,NA,NA,426,49.1804,9.98
2578,Kirchdorf/Poel,Mecklenburg-Vorpommern,2020-01-15,NA,10.65,14.41,7.13,NA,NA,NA,32.4,-3.3,575.9,78.9,NA,NA,12,53.9995,11.4341
2597,"Kissingen, Bad",Bayern,2020-01-15,NA,10.39,15.2,5.51,NA,1953.99,NA,35.1,-7.1,591.4,22.7,NA,NA,282,50.224,10.0792
2600,Kitzingen,Bayern,2020-01-15,NA,11.29,17.03,5.61,NA,NA,NA,36.9,-8.4,491.3,25.2,NA,NA,193,49.7363,10.1781
2601,Kleiner Feldberg/Taunus,Hessen,2020-01-15,NA,7.96,11.45,4.91,NA,1767.65,NA,31.3,-7.3,874.4,35.1,NA,NA,826,50.2218,8.4469
2627,Klettwitz,Brandenburg,2020-01-15,NA,10.71,16.03,4.84,NA,1943.75,NA,35.8,-8.6,533.1,62.7,NA,NA,128,51.5554,13.8845
2629,Kleve,Nordrhein-Westfalen,2020-01-15,NA,11.63,16.45,6.85,NA,NA,NA,36.4,-4.7,722.8,29.8,NA,NA,46,51.7612,6.0954
2638,Klippeneck,Baden-Wuerttemberg,2020-01-15,5.04,8.81,13.24,4.86,2.82,1984.7,35.1,32.7,-7.4,682.6,37.7,NA,NA,974,48.1054,8.7548
2641,Klitzschen bei Torgau,Sachsen,2020-01-15,NA,11.17,16.31,5.65,NA,NA,NA,36.5,-7.5,524.8,27.4,NA,NA,85,51.5185,12.9065
2667,Koeln-Bonn,Nordrhein-Westfalen,2020-01-15,5.05,12.04,16.94,6.67,2.57,1843.69,29.7,37.3,-7.1,749.6,48.7,0,0,92,50.8646,7.1575
2968,Koeln-Stammheim,Nordrhein-Westfalen,2020-01-15,NA,12.84,17.32,8.51,NA,NA,NA,37.4,-3.5,647.3,33.6,NA,NA,43,50.9894,6.9777
2680,"Koenigshofen, Bad",Bayern,2020-01-15,NA,9.81,15.16,3.56,NA,NA,NA,35.8,-11,476.2,29.7,NA,NA,289,50.284,10.4456
603,Koenigswinter-Heiderhof,Nordrhein-Westfalen,2020-01-15,NA,11.86,16.43,6.86,NA,NA,NA,36.3,-6,581.9,NA,NA,NA,147,50.7293,7.204
2700,Koesching,Bayern,2020-01-15,NA,10.06,14.92,5.55,NA,2005.26,NA,34.7,-5.9,609.3,31.8,NA,NA,416,48.8302,11.4872
2704,Koethen (Anhalt),Sachsen-Anhalt,2020-01-15,NA,11.45,16.63,6.49,NA,NA,NA,37,-6.2,438.1,21.9,NA,NA,76,51.7511,12.0094
2712,Konstanz,Baden-Wuerttemberg,2020-01-15,NA,11.36,16.24,7.13,NA,NA,NA,34.3,-5.7,765,36.3,NA,NA,428,47.6952,9.1307
4301,"Kreuznach, Bad",Rheinland-Pfalz,2020-01-15,NA,12.36,17.62,7.25,NA,NA,NA,37,-5.5,435.8,20.2,NA,NA,102,49.8502,7.871
13711,Kroelpa-Rockendorf,Thueringen,2020-01-15,NA,10.47,15.51,5.2,2.43,NA,28.9,36,-7.9,589.4,48.7,NA,NA,289,50.682,11.515
2750,Kronach,Bayern,2020-01-15,NA,9.57,15.02,4.02,NA,1623.46,NA,35.1,-8,779.8,48.7,NA,NA,310,50.2524,11.3209
2750,Kronach,Bayern,2020-01-15,NA,9.57,15.02,4.02,NA,1623.46,NA,35.1,-8,779.8,48.7,NA,NA,312,50.2523,11.3209
314,"Kubschuetz, Kr. Bautzen",Sachsen,2020-01-15,NA,10.99,15.41,6.74,NA,NA,NA,34.2,-7.7,657.6,51.5,NA,NA,234,51.1604,14.5042
2794,Kyritz,Brandenburg,2020-01-15,NA,10.74,15.6,5.66,2.63,1961.99,23.6,35.4,-5.2,515.6,26.2,NA,NA,40,52.9363,12.4093
2812,Lahr,Baden-Wuerttemberg,2020-01-15,5.5,12.38,17.66,6.78,2.27,2086.97,26,35.8,-7.3,625.9,33.8,NA,NA,156,48.3647,7.828
13710,Landshut-Reithof,Bayern,2020-01-15,NA,10.11,14.54,5.99,NA,NA,NA,32.6,-5.9,842.6,40,NA,NA,490,48.5734,12.2576
7419,Langenwetzendorf-Goettendorf,Thueringen,2020-01-15,NA,9.72,14.64,4.83,NA,NA,NA,34.6,-8.2,729.2,NA,NA,NA,389,50.661,12.0756
2878,"Lauchstaedt, Bad",Sachsen-Anhalt,2020-01-15,NA,11.19,16.05,5.83,2.35,NA,26.5,36.4,-6.5,380.2,21.1,NA,NA,117,51.3909,11.8786
867,Lautertal-Oberlauter,Bayern,2020-01-15,NA,9.94,14.62,5.1,NA,1760.29,27,35,-6.8,543.8,27.4,NA,NA,344,50.3066,10.9679
2907,Leck,Schleswig-Holstein,2020-01-15,5.63,10.18,13.82,6.05,3.15,1753.14,27.9,31.4,-4.6,838.6,30.7,NA,NA,7,54.7903,8.9514
2925,Leinefelde,Thueringen,2020-01-15,NA,9.97,14.1,5.59,NA,1819.47,NA,33.3,-6.8,619.4,56.8,NA,NA,356,51.3933,10.3123
2928,Leipzig-Holzhausen,Sachsen,2020-01-15,NA,11.48,16.28,6.51,1.95,1833.53,20.5,36.5,-7,490.5,35.3,NA,NA,138,51.3151,12.4462
2932,Leipzig/Halle,Sachsen,2020-01-15,5.27,11.25,16.02,6.39,2.9,NA,28.3,36.8,-6.2,425.2,26,0,0,131,51.4348,12.2396
2947,Lennestadt-Theten,Nordrhein-Westfalen,2020-01-15,NA,10.16,15.1,5.02,NA,1709.98,NA,35.1,-9.3,710.8,25.4,NA,NA,286,51.1333,8.0348
2951,Lenzen/Elbe,Brandenburg,2020-01-15,NA,10.93,15.75,5.97,NA,NA,NA,34.7,-5.6,568.6,21.1,NA,NA,20,53.1007,11.4864
2953,Lenzkirch-Ruhbuehl,Baden-Wuerttemberg,2020-01-15,NA,8.36,13.82,3.16,NA,2132.99,NA,32.4,-9.2,992.2,49.4,NA,NA,852,47.8597,8.2308
7403,Leutkirch-Herlazhofen,Baden-Wuerttemberg,2020-01-15,NA,8.76,14.19,3.15,NA,NA,NA,31.4,-11.5,1259,50.2,NA,NA,672,47.7955,10.0324
2985,Lichtenhain-Mittelndorf,Sachsen,2020-01-15,NA,10.04,14.23,5.89,2.65,NA,NA,33.2,-7,764.7,33,NA,NA,321,50.9383,14.2093
5797,Lichtentanne,Sachsen,2020-01-15,NA,10.43,15.1,5.49,2.31,NA,25.7,34.9,-8.7,647.7,65.8,NA,NA,349,50.6879,12.4329
7099,Liebenburg-Othfresen,Niedersachsen,2020-01-15,NA,11.02,15.3,6.52,NA,NA,NA,35.2,-5.6,513.6,24.8,NA,NA,187,52.0111,10.3966
3015,Lindenberg,Brandenburg,2020-01-15,NA,11.03,15.4,6.79,2.42,1984.32,25.5,35.2,-5,510.5,30,NA,NA,98,52.2085,14.118
3028,"Lippspringe, Bad",Nordrhein-Westfalen,2020-01-15,NA,11.16,15.57,6.38,NA,1702.64,NA,35.3,-7.4,704.5,36.2,NA,NA,157,51.7854,8.8388
3031,Lippstadt-Boekenfoerde,Nordrhein-Westfalen,2020-01-15,NA,11.35,16.21,5.98,NA,NA,NA,35.3,-6.5,610.1,48.1,NA,NA,92,51.6336,8.3945
3032,List auf Sylt,Schleswig-Holstein,2020-01-15,5.67,10.78,13.39,8.4,NA,1865.83,NA,31,-0.7,673.9,27.1,NA,0,25,55.011,8.4125
3034,"Lobenstein, Bad",Thueringen,2020-01-15,NA,8.62,13.86,3.55,NA,NA,NA,33.2,-9.3,786.2,49.3,NA,NA,496,50.4505,11.635
3042,Loehnberg-Obershausen,Hessen,2020-01-15,NA,10.26,15.43,4.78,NA,NA,NA,35.9,-7.9,750.3,39.3,NA,NA,230,50.5617,8.2386
6336,Lohr/Main-Halsbach,Bayern,2020-01-15,NA,10.25,15.46,4.94,NA,NA,NA,36,-7.4,653.3,20.6,NA,NA,288,50.0132,9.654
3083,Luebben-Blumenfelde,Brandenburg,2020-01-15,NA,10.97,16.36,5.2,NA,NA,NA,36.1,-7.6,444.2,39.7,NA,NA,57,51.9267,13.8797
3086,Luebeck-Blankensee,Schleswig-Holstein,2020-01-15,5.66,10.47,14.82,5.71,NA,1776.65,NA,31.9,-6.1,623.7,26,NA,NA,15,53.8025,10.6989
3098,Luedenscheid,Nordrhein-Westfalen,2020-01-15,5.78,10.06,14.22,5.88,2.39,1696.39,25.7,34.2,-6,898.9,NA,NA,NA,387,51.2452,7.6425
6337,Luedinghausen-Brochtrup,Nordrhein-Westfalen,2020-01-15,NA,11.53,16.04,6.58,NA,1835.61,NA,35.9,-6.4,638,34.1,NA,NA,59,51.7663,7.5194
6197,Luegde-Paenbruch,Nordrhein-Westfalen,2020-01-15,5.42,10.1,14.22,5.68,2.52,1717.55,27.8,34,-6.2,734.9,25,NA,NA,258,51.8664,9.271
3126,Magdeburg,Sachsen-Anhalt,2020-01-15,NA,11.56,16.31,6.64,2.09,1933.1,21.1,35.6,-5.5,456.6,45.6,NA,NA,79,52.1029,11.5827
3137,Mainz-Lerchenberg (ZDF),Rheinland-Pfalz,2020-01-15,NA,12.11,16.42,7.86,NA,NA,NA,36.9,-4,404.2,16.7,NA,NA,195,49.9656,8.2139
6346,Maisach-Galgen,Bayern,2020-01-15,NA,9.85,14.72,4.98,NA,NA,NA,33.9,-6.7,890.1,46.2,NA,NA,531,48.207,11.2035
5906,Mannheim,Baden-Wuerttemberg,2020-01-15,5.52,12.43,17.26,7.24,2.28,2028.28,24.2,36.7,-5.7,576.3,35.7,NA,NA,98,49.5062,8.5585
3158,Manschnow,Brandenburg,2020-01-15,NA,11.17,15.97,6.09,2.44,1985.22,23.6,36,-6.7,430.4,43.6,NA,NA,12,52.5468,14.5452
3166,Marienberg,Sachsen,2020-01-15,5.4,8.61,12.79,4.36,2.27,1911.06,24.1,31.5,-10.2,775.9,55.8,NA,NA,639,50.651,13.1469
3167,"Marienberg, Bad",Rheinland-Pfalz,2020-01-15,NA,9.39,13.06,5.94,NA,1714.29,NA,33.5,-6,899.7,31.5,NA,NA,547,50.6621,7.9603
3196,Marnitz,Mecklenburg-Vorpommern,2020-01-15,NA,10.45,14.94,5.91,2.39,1789.3,24.3,33.8,-4.9,628.8,28,NA,NA,81,53.3223,11.9319
3204,Martinroda,Thueringen,2020-01-15,NA,9.8,14.7,4.71,NA,NA,NA,34.6,-10.4,737.5,67,NA,NA,429,50.7335,10.8815
13713,Meinerzhagen-Redlendorf,Nordrhein-Westfalen,2020-01-15,NA,9.86,14.22,5.3,NA,NA,NA,34.5,-7,1258.6,40.8,NA,NA,386,51.0899,7.6289
3231,Meiningen,Thueringen,2020-01-15,NA,9.43,13.6,5.03,2.36,1764.74,25.7,33.5,-6.4,589.2,26.6,NA,NA,450,50.5611,10.3771
3231,Meiningen,Thueringen,2020-01-15,NA,9.43,13.6,5.03,2.36,1764.74,25.7,33.5,-6.4,589.2,26.6,NA,NA,450,50.5612,10.3771
3244,Memmingen,Bayern,2020-01-15,NA,9.33,14.5,4.01,2.21,2178.01,24.8,32.2,-7.1,902.4,48.2,NA,NA,615,47.982,10.1384
3509,Menz,Brandenburg,2020-01-15,NA,10.25,14.98,5.18,NA,NA,NA,35.5,-6.4,527.4,28.5,NA,NA,77,53.102,13.0421
3257,"Mergentheim, Bad-Neunkirchen",Baden-Wuerttemberg,2020-01-15,NA,11.06,17.11,5.3,NA,NA,NA,37.1,-8.1,539.7,23.7,NA,NA,250,49.4773,9.7622
2814,Merklingen,Baden-Wuerttemberg,2020-01-15,NA,8.63,13.96,2.96,NA,NA,NA,32.9,-11.8,665,24.2,NA,NA,685,48.5121,9.7645
3268,Messstetten-Appental,Baden-Wuerttemberg,2020-01-15,5.36,7.85,12.94,2.1,2.13,1945.35,28.5,31.8,-14.2,704,37.8,NA,NA,900,48.1694,8.9433
3271,Metten,Bayern,2020-01-15,NA,9.85,15.45,5.19,NA,NA,NA,33.1,-6.5,832.5,26.5,NA,NA,314,48.8548,12.9189
3278,Metzingen,Baden-Wuerttemberg,2020-01-15,NA,11.52,17.03,6.06,NA,2111.41,NA,35.2,-6.7,663.2,NA,NA,NA,354,48.5377,9.2734
3284,Michelstadt,Hessen,2020-01-15,NA,11.29,16.74,5.98,NA,NA,NA,36.8,-6.8,826.3,43.5,NA,NA,240,49.6691,9.0085
3287,Michelstadt-Vielbrunn,Hessen,2020-01-15,NA,10.43,14.29,6.62,2.71,1811.43,28,34,-5.6,702.1,34.6,NA,NA,453,49.7177,9.0997
3287,Michelstadt-Vielbrunn,Hessen,2020-01-15,NA,10.43,14.29,6.62,2.71,1811.43,28,34,-5.6,702.1,34.6,NA,NA,453,49.7176,9.0997
4857,Mittelnkirchen-Hohenfelde,Niedersachsen,2020-01-15,NA,10.73,15.06,6.22,NA,NA,NA,31.6,-3.8,731.3,33.4,NA,NA,1,53.5534,9.6097
3307,Mittenwald-Buckelwiesen,Bayern,2020-01-15,NA,7.53,13.69,2.21,NA,NA,NA,31.2,-13.7,1346,73.5,NA,NA,984,47.4779,11.2653
1279,Moehrendorf-Kleinseebach,Bayern,2020-01-15,NA,10.68,16.07,5.34,NA,1920.73,NA,37.2,-7.3,642.5,41.2,NA,NA,268,49.6497,11.0074
3340,Montabaur,Rheinland-Pfalz,2020-01-15,NA,10.68,15.43,5.66,NA,NA,NA,35.6,-7.6,721.2,34.7,NA,NA,265,50.4383,7.8061
3362,Muehlacker,Baden-Wuerttemberg,2020-01-15,NA,10.91,17.12,4.56,NA,2163.01,NA,35.9,-8.6,570.6,30.6,NA,NA,243,48.9721,8.8735
3362,Muehlacker,Baden-Wuerttemberg,2020-01-15,NA,10.91,17.12,4.56,NA,2163.01,NA,35.9,-8.6,570.6,30.6,NA,NA,244,48.9721,8.8734
3366,Muehldorf,Bayern,2020-01-15,5.4,9.49,15.05,4.03,1.92,1960.48,36.6,33.6,-7.6,815.9,50.3,NA,NA,406,48.279,12.5024
259,Muellheim,Baden-Wuerttemberg,2020-01-15,NA,11.97,17.95,6.15,NA,NA,NA,37,-7.1,646.5,22.9,NA,NA,275,47.8064,7.6387
259,Muellheim,Baden-Wuerttemberg,2020-01-15,NA,11.97,17.95,6.15,NA,NA,NA,37,-7.1,646.5,22.9,NA,NA,273,47.8064,7.6387
3376,Muencheberg,Brandenburg,2020-01-15,NA,10.77,15.4,5.82,NA,1965.85,NA,35.4,-6.7,506.8,35.1,NA,NA,63,52.5176,14.1232
1262,Muenchen-Flughafen,Bayern,2020-01-15,5.15,9.65,15,3.8,2.23,2135.61,33.1,33.8,-8.5,762.2,34.1,NA,NA,446,48.3477,11.8134
3379,Muenchen-Stadt,Bayern,2020-01-15,NA,11,15.81,6.54,NA,2155.56,NA,34.2,-4.9,962.9,40.8,NA,NA,515,48.1632,11.5429
1766,Muenster/Osnabrueck,Nordrhein-Westfalen,2020-01-15,5.23,11.51,15.97,6.69,2.42,1784.28,NA,35.6,-5.2,620.4,22,0,0,48,52.1344,7.6969
3426,"Muskau, Bad",Sachsen,2020-01-15,NA,10.68,15.97,5.09,NA,NA,NA,35.2,-7.7,536,38.8,NA,NA,127,51.566,14.7008
3442,"Nauheim, Bad",Hessen,2020-01-15,NA,11.7,16.69,6.89,NA,NA,NA,36.9,-6.4,513.9,NA,NA,NA,149,50.3574,8.7506
7420,Naumburg/Saale-Kreipitzsch,Sachsen-Anhalt,2020-01-15,NA,10.66,15.24,6.08,NA,1935.29,NA,35.2,-6.1,514.9,46.2,NA,NA,246,51.1044,11.7112
7410,Neu-Ulrichstein,Hessen,2020-01-15,NA,10.11,14.1,6,NA,1951.22,NA,34,-6.6,635.7,47.5,NA,NA,350,50.7513,9.0224
5562,Neubulach-Oberhaugstett,Baden-Wuerttemberg,2020-01-15,NA,9.83,14.99,4.69,NA,2086.23,NA,34.1,-8.6,643.4,24.3,NA,NA,570,48.6516,8.6801
3485,Neuburg/Kammel-Langenhaslach,Bayern,2020-01-15,NA,9.73,15.39,4.49,NA,NA,NA,33.5,-6.7,820.7,45.5,NA,NA,486,48.3115,10.3773
3513,Neuhaus am Rennweg,Thueringen,2020-01-15,5.8,7.16,10.7,3.9,2.61,NA,22.9,29.8,-9.2,1210,53.2,NA,NA,845,50.5002,11.1344
7412,Neuhuetten/Spessart,Bayern,2020-01-15,5.61,9.82,14.84,4.69,2.02,NA,29.6,34.6,-7.9,875.7,46.7,NA,NA,340,50.0083,9.4238
3527,Neukirchen-Hauptschwenda,Hessen,2020-01-15,NA,9.4,13.23,5.55,NA,NA,NA,33.6,-6.9,646.8,33,NA,NA,500,50.8923,9.405
3540,Neunkirchen-Seelscheid-Krawinkel,Nordrhein-Westfalen,2020-01-15,NA,11.26,15.86,6.46,NA,NA,NA,36.1,-6.4,814.6,34,NA,NA,195,50.8446,7.372
3545,Neunkirchen-Wellesweiler,Saarland,2020-01-15,NA,11.09,16.84,5.35,NA,NA,NA,36.9,-7.7,854.8,31,NA,NA,236,49.344,7.2297
96,Neuruppin-Alt Ruppin,Brandenburg,2020-01-15,NA,10.74,15.44,5.9,2.02,NA,20.3,35.9,-6.2,507.3,43.1,NA,NA,50,52.9437,12.8518
3571,Neustadt am Kulm-Filchendorf,Bayern,2020-01-15,NA,9.12,13.99,3.99,NA,1849.37,NA,34.1,-8.6,580.7,46.7,NA,NA,452,49.8174,11.8638
3591,Nideggen-Schmidt,Nordrhein-Westfalen,2020-01-15,NA,10.95,15.06,6.57,NA,NA,NA,35,-5.9,691.7,33.1,NA,NA,350,50.6743,6.424
3612,Nienburg,Niedersachsen,2020-01-15,NA,11.37,15.84,6.61,NA,NA,NA,36,-5.2,562.8,24.7,NA,NA,25,52.6711,9.2229
3631,Norderney,Niedersachsen,2020-01-15,NA,11.13,13.45,8.92,3.67,1930.88,28.5,30.6,-1.2,753.8,26.2,NA,NA,12,53.7123,7.1519
6314,Nossen,Sachsen,2020-01-15,NA,10.88,15.09,6.75,2.69,2012.35,28.2,35.1,-6.3,549.9,55.8,NA,NA,306,51.0507,13.3003
6314,Nossen,Sachsen,2020-01-15,NA,10.88,15.09,6.75,2.69,2012.35,28.2,35.1,-6.3,549.9,55.8,NA,NA,308,51.0507,13.3003
6275,Notzingen,Baden-Wuerttemberg,2020-01-15,NA,10.74,16.96,4.64,NA,NA,NA,35.8,-7.8,686.9,30.4,NA,NA,325,48.6705,9.4627
3668,Nuernberg,Bayern,2020-01-15,5.2,10.59,15.71,5.11,2.35,2030.37,27.3,35.9,-8.1,548.8,41.7,12,29,314,49.503,11.0549
3667,Nuernberg-Netzstall,Bayern,2020-01-15,NA,9.36,15.3,3.32,NA,NA,NA,35.4,-9.4,728.3,35.3,NA,NA,368,49.4258,11.2538
7431,Oberhaching-Laufzorn,Bayern,2020-01-15,NA,9.21,14.87,4.16,NA,NA,NA,33.5,-7.6,1130.3,73.9,NA,NA,604,48.013,11.5524
3730,Oberstdorf,Bayern,2020-01-15,5.05,8.07,14.6,1.95,1.73,1758.29,26.3,32.5,-15,1667.5,58.1,NA,NA,806,47.3984,10.2759
3734,Obersulm-Willsbach,Baden-Wuerttemberg,2020-01-15,NA,11.79,17.18,6.5,NA,NA,NA,36.1,-6.5,725.1,45.7,NA,NA,230,49.128,9.3525
330,Oberzent-Beerfelden,Hessen,2020-01-15,NA,10.49,14.71,6.57,NA,NA,NA,34.2,-5.1,841.3,46.7,NA,NA,455,49.5617,8.9673
3761,Oehringen,Baden-Wuerttemberg,2020-01-15,NA,11.78,16.78,6.99,NA,2011.5,NA,35.7,-5.3,643.5,37.4,NA,NA,276,49.207,9.5176
7341,Offenbach-Wetterpark,Hessen,2020-01-15,NA,11.82,16.87,6.69,1.91,1972.77,25.7,36.7,-6.7,560.1,27.8,NA,NA,119,50.0899,8.7862
7341,Offenbach-Wetterpark,Hessen,2020-01-15,NA,11.82,16.87,6.69,1.91,1972.77,25.7,36.7,-6.7,560.1,27.8,NA,NA,119,50.09,8.7862
1602,Ohlsbach,Baden-Wuerttemberg,2020-01-15,NA,12.47,18.01,7.4,NA,NA,NA,36.5,-4.8,882,46.8,NA,NA,177,48.433,7.993
7321,Olbersleben,Thueringen,2020-01-15,NA,10.66,15.95,4.89,NA,NA,NA,35.9,-8.7,509.6,24.5,NA,NA,160,51.1507,11.3321
3811,Oschatz,Sachsen,2020-01-15,NA,11.23,16.26,6.07,2.49,1912.76,28.6,36.7,-6.6,476.7,32.7,NA,NA,150,51.296,13.0928
6105,Ostenfeld (Rendsburg),Schleswig-Holstein,2020-01-15,NA,10.23,14.28,5.79,NA,1844.17,NA,31.3,-3.9,829.6,27.8,NA,NA,14,54.3194,9.8051
3821,Osterfeld,Sachsen-Anhalt,2020-01-15,NA,10.85,15.43,6.38,2.42,2034.3,26.1,35.1,-6.2,517.5,37.8,NA,NA,246,51.0873,11.9292
3836,Ostheim v.d. Rhoen,Bayern,2020-01-15,NA,9.67,15.1,3.92,NA,NA,NA,35.6,-9,571.6,27.5,NA,NA,314,50.4538,10.2211
3857,Oy-Mittelberg-Petersthal,Bayern,2020-01-15,NA,8.48,13.93,3.24,NA,NA,NA,31.9,-12.4,1365.1,58.2,NA,NA,886,47.6362,10.3892
7427,Padenstedt (Pony-Park),Schleswig-Holstein,2020-01-15,NA,10.33,14.46,5.95,NA,NA,NA,32.8,-3.6,725.4,27.1,NA,NA,17,54.0188,9.9255
3897,Pelzerhaken,Schleswig-Holstein,2020-01-15,NA,10.62,14.05,6.78,NA,NA,26.9,29.3,-4.5,619.2,36.2,NA,NA,2,54.0893,10.8773
3904,Perl-Nennig,Saarland,2020-01-15,NA,11.55,17.16,5.2,NA,1887.29,NA,37.2,-8.5,711.3,26.8,NA,NA,152,49.5354,6.3789
3925,Pforzheim-Ispringen,Baden-Wuerttemberg,2020-01-15,NA,11.31,16.37,6.08,NA,NA,NA,35.2,-6.4,648,34.1,NA,NA,332,48.9329,8.6973
3927,Pfullendorf,Baden-Wuerttemberg,2020-01-15,NA,8.77,14.34,3.47,NA,NA,NA,32.9,-7.6,734.4,51.1,NA,NA,630,47.9345,9.2869
7424,Piding,Bayern,2020-01-15,NA,9.44,15.49,3.69,NA,NA,NA,32.5,-10,1435,99.4,NA,NA,457,47.7724,12.9073
3939,Pirmasens,Rheinland-Pfalz,2020-01-15,NA,11.3,15.61,6.98,NA,NA,NA,34.5,-6.2,775.7,37.2,NA,NA,385,49.1912,7.5879
3946,Plauen,Sachsen,2020-01-15,NA,9.63,14.8,4.53,NA,1788.94,NA,35.3,-9.2,614.6,54.2,NA,NA,386,50.4819,12.13
3975,Pommelsbrunn-Mittelburg,Bayern,2020-01-15,NA,9.43,13.85,5.35,NA,NA,NA,33.5,-5.6,705.4,35.6,NA,NA,522,49.4777,11.5357
3987,Potsdam,Brandenburg,2020-01-15,5.48,11.09,15.82,6.73,2.85,2049.8,25.2,36.4,-5,498.7,22.3,NA,NA,81,52.3813,13.0622
4024,Putbus,Mecklenburg-Vorpommern,2020-01-15,NA,10.13,13.66,6.59,NA,2001.34,NA,31.9,-3.3,585.7,22.3,NA,NA,40,54.3643,13.4771
4032,Quedlinburg,Sachsen-Anhalt,2020-01-15,NA,11.45,16.17,6.44,2.04,1995.54,24.1,35.6,-5.8,416.8,28.4,NA,NA,142,51.7953,11.132
4036,Querfurt-Muehle Lodersleben,Sachsen-Anhalt,2020-01-15,NA,10.46,15.6,4.95,2.7,NA,NA,35.7,-7.9,426.3,31,NA,NA,204,51.3895,11.5412
4039,Quickborn,Schleswig-Holstein,2020-01-15,NA,10.39,14.87,5.4,NA,NA,NA,33.5,-6,735.8,31.7,NA,NA,11,53.7331,9.8776
4063,Rahden-Kleinendorf,Nordrhein-Westfalen,2020-01-15,NA,11.17,15.72,6.12,NA,NA,NA,35.4,-6.2,650.9,37,NA,NA,41,52.4461,8.5906
4104,Regensburg,Bayern,2020-01-15,NA,10.16,15.81,5.41,NA,1775.17,NA,36.1,-8,712.5,46.6,NA,NA,365,49.0425,12.1019
4127,Reichshof-Eckenhagen,Nordrhein-Westfalen,2020-01-15,NA,10.56,14.7,6.47,NA,NA,NA,35.2,-5.7,989.3,33.7,NA,NA,347,50.9906,7.6958
4160,Renningen-Ihinger Hof,Baden-Wuerttemberg,2020-01-15,NA,10.21,15.39,4.87,NA,2211.21,NA,34.1,-7.2,585.1,26.5,NA,NA,478,48.7425,8.924
4169,Rheinau-Memprechtshofen,Baden-Wuerttemberg,2020-01-15,NA,12.23,17.89,6.47,NA,NA,NA,37.2,-6.3,654,30.3,NA,NA,131,48.6703,7.9939
4175,Rheinfelden,Baden-Wuerttemberg,2020-01-15,NA,11.97,17.61,6.62,NA,NA,NA,38.5,-4.7,813.7,24,NA,NA,283,47.559,7.7721
4175,Rheinfelden,Baden-Wuerttemberg,2020-01-15,NA,11.97,17.61,6.62,NA,NA,NA,38.5,-4.7,813.7,24,NA,NA,282,47.559,7.7721
4177,Rheinstetten,Baden-Wuerttemberg,2020-01-15,NA,12.23,17.58,6.66,NA,2020.17,NA,37,-6.5,587,25.9,NA,NA,116,48.9726,8.3301
760,Rosengarten-Klecken,Niedersachsen,2020-01-15,NA,10.47,14.57,6.28,NA,NA,NA,32.5,-4.1,712.4,30.1,NA,NA,82,53.3629,9.9435
4271,Rostock-Warnemuende,Mecklenburg-Vorpommern,2020-01-15,5.37,11.01,13.97,8.19,3.1,2051.85,29.8,31.7,-2.2,602.8,56.3,NA,NA,4,54.1803,12.0808
4275,Rotenburg (Wuemme),Niedersachsen,2020-01-15,NA,10.82,15.16,6.2,NA,1753.75,NA,34.7,-5.7,659.1,22.4,NA,NA,32,53.1288,9.3398
4280,Roth,Bayern,2020-01-15,5.41,10.15,15.38,4.6,NA,NA,NA,35.2,-8.6,590.2,28.1,NA,NA,386,49.2162,11.1035
4287,Rothenburg ob der Tauber,Bayern,2020-01-15,NA,10.39,15.45,5.48,NA,NA,NA,35.6,-7,606.9,26,NA,NA,415,49.3848,10.1732
4300,Rottweil,Baden-Wuerttemberg,2020-01-15,NA,9.53,15.58,3.69,NA,2138.97,NA,35.4,-8.1,661.2,29.1,NA,NA,588,48.1814,8.6356
6344,Runkel-Ennerich,Hessen,2020-01-15,NA,10.94,16.32,5.09,NA,NA,NA,36.4,-7.4,461.5,28.4,NA,NA,168,50.394,8.1423
4323,Ruppertsecken,Rheinland-Pfalz,2020-01-15,NA,10.66,14.68,6.95,NA,NA,NA,34.3,-4.6,541.3,NA,NA,NA,461,49.6468,7.8837
6217,Saarbruecken-Burbach,Saarland,2020-01-15,NA,12.09,17.5,6.76,NA,NA,NA,37.9,-6.2,795.1,32,NA,NA,190,49.2406,6.9351
4336,Saarbruecken-Ensheim,Saarland,2020-01-15,5.09,11.24,15.9,6.69,2.67,2056.49,31.7,35.2,-6.4,841.1,25.2,4,4,320,49.2128,7.1077
4349,Sachsenheim,Baden-Wuerttemberg,2020-01-15,NA,11.75,17.09,6.49,NA,NA,NA,35.9,-6.5,616.9,25.2,NA,NA,248,48.9569,9.071
4354,Saldenburg-Entschenreuth,Bayern,2020-01-15,NA,9.22,14.55,4.22,NA,1966.39,NA,32.1,-8.4,1085.3,43.1,NA,NA,457,48.7832,13.3146
4371,"Salzuflen, Bad",Nordrhein-Westfalen,2020-01-15,NA,11,15.2,6.89,NA,NA,NA,34,-4.8,687.7,31,NA,NA,135,52.1042,8.7521
4377,Sandberg,Bayern,2020-01-15,NA,9.79,13.65,6.29,NA,NA,NA,33.3,-7.5,796.9,27.4,NA,NA,518,50.3518,10.0034
4393,Sankt Peter-Ording,Schleswig-Holstein,2020-01-15,5.59,10.71,13.64,7.72,3.88,2031.94,30.4,31.3,-3.1,885.5,30.5,NA,NA,5,54.3279,8.6031
4411,Schaafheim-Schlierbach,Hessen,2020-01-15,NA,11.73,16.86,6.17,NA,NA,NA,36.6,-7,586,36.8,NA,NA,155,49.9195,8.9671
15207,Schauenburg-Elgershausen,Hessen,2020-01-15,NA,10.03,14.25,5.58,NA,1805.41,NA,33.9,-7.1,578.4,29.6,NA,NA,317,51.2835,9.359
4464,Schleiz,Thueringen,2020-01-15,NA,9.4,13.5,5.16,NA,1878.7,NA,33.2,-8.4,669.1,76.9,NA,NA,501,50.5679,11.8041
4466,Schleswig,Schleswig-Holstein,2020-01-15,NA,10.3,14.26,6.49,NA,1871.08,NA,30.7,-2.6,934.1,28.2,NA,NA,43,54.5275,9.5487
4480,Schluechtern-Herolz,Hessen,2020-01-15,NA,10.34,15.79,4.63,NA,NA,NA,36.5,-8.1,818.2,35.7,NA,NA,230,50.3447,9.5534
3289,Schmieritz-Weltwitz,Thueringen,2020-01-15,NA,10.09,14.92,5.3,NA,NA,NA,34,-8.3,670.8,53.8,NA,NA,356,50.7281,11.7838
4501,Schmuecke,Thueringen,2020-01-15,5.98,6.54,9.83,3.56,NA,1634.86,NA,29.1,-9.7,1260.3,43.8,NA,NA,937,50.6546,10.7693
5930,Schoenhagen (Ostseebad),Schleswig-Holstein,2020-01-15,5.21,10.46,13.67,6.83,3.38,1966.29,30.1,27.5,-2.7,655.6,18.5,NA,NA,1,54.641,10.0238
6347,Schonungen-Mainberg,Bayern,2020-01-15,NA,10.78,15.48,6.21,NA,1928.79,NA,35.6,-6.4,506.2,23.2,NA,NA,304,50.0579,10.2972
4560,Schotten,Hessen,2020-01-15,NA,10.37,15.36,5.27,NA,NA,NA,35.8,-7.6,834.7,45.3,NA,NA,265,50.4925,9.1226
6262,Schwaebisch Gmuend-Weiler,Baden-Wuerttemberg,2020-01-15,NA,10.68,16.29,5.12,NA,NA,NA,35.3,-7.1,868.8,39,NA,NA,413,48.7695,9.8737
4592,Schwandorf,Bayern,2020-01-15,NA,9.99,15.4,4.95,NA,1861.45,NA,35.4,-9,603.6,47.3,NA,NA,356,49.3278,12.0871
4605,Schwarzburg,Thueringen,2020-01-15,NA,9.85,15.54,4.41,NA,NA,NA,35.3,-8.1,528.4,37.8,NA,NA,277,50.6441,11.1936
4625,Schwerin,Mecklenburg-Vorpommern,2020-01-15,NA,10.66,14.61,6.81,NA,1764.47,NA,33.3,-3.3,565.7,22.2,NA,NA,59,53.6425,11.3872
4642,Seehausen,Sachsen-Anhalt,2020-01-15,NA,10.97,15.78,5.97,2.54,1960.6,25,35.4,-6.2,521.5,24.2,NA,NA,21,52.8911,11.7297
4651,Seesen,Niedersachsen,2020-01-15,NA,10.63,15,5.84,NA,NA,NA,34.6,-6.6,813,54.9,NA,NA,186,51.904,10.1885
7105,Siegsdorf-Hoell,Bayern,2020-01-15,NA,9.25,14.13,5.05,NA,NA,NA,31.1,-8.7,1622.3,124.8,NA,NA,719,47.835,12.6548
4703,Sigmaringen-Laiz,Baden-Wuerttemberg,2020-01-15,NA,8.96,14.91,3.22,NA,NA,NA,33.4,-8.3,696.5,34.1,NA,NA,581,48.0719,9.1943
4706,Simbach/Inn,Bayern,2020-01-15,NA,10.01,15.38,4.96,NA,NA,NA,33.2,-7.3,964,38.1,NA,NA,358,48.2718,13.0273
4709,Simmern-Wahlbach,Rheinland-Pfalz,2020-01-15,NA,10.12,14.46,5.72,NA,NA,NA,33.9,-7.6,573.2,29.8,NA,NA,445,49.9996,7.5981
6263,Singen,Baden-Wuerttemberg,2020-01-15,NA,10.38,15.74,5.18,NA,NA,NA,35.1,-5.9,780.9,40,NA,NA,445,47.7738,8.8219
6129,Sohland/Spree,Sachsen,2020-01-15,NA,9.19,14.41,3.28,NA,NA,NA,32.8,-10.3,724.1,44.4,NA,NA,291,51.0593,14.4266
6129,Sohland/Spree,Sachsen,2020-01-15,NA,9.19,14.41,3.28,NA,NA,NA,32.8,-10.3,724.1,44.4,NA,NA,290,51.0593,14.4266
4997,Starkenberg-Tegkwitz,Thueringen,2020-01-15,NA,10.5,15.83,4.86,NA,NA,NA,36,-8.7,556.1,37.3,NA,NA,196,50.9771,12.3419
4841,"Steinau, Kr. Cuxhaven",Niedersachsen,2020-01-15,NA,10.43,14.69,5.79,NA,NA,NA,32.3,-5.4,797.7,24.6,NA,NA,1,53.6946,8.8735
6199,Steinhagen-Negast,Mecklenburg-Vorpommern,2020-01-15,NA,10.01,14.33,5.45,NA,NA,NA,30.4,-5.6,643.6,29.8,NA,NA,16,54.2484,13.0418
4887,Stoetten,Baden-Wuerttemberg,2020-01-15,NA,9.29,13.3,5.69,NA,1981.5,NA,32.7,-6.7,942.4,51.8,NA,NA,734,48.6656,9.8648
4911,Straubing,Bayern,2020-01-15,NA,9.98,15,4.65,NA,1927.07,NA,33.3,-7.9,667.7,31.1,NA,NA,351,48.8275,12.5597
4931,Stuttgart-Echterdingen,Baden-Wuerttemberg,2020-01-15,4.81,11.02,16.28,5.58,1.95,2235.01,29.2,34.9,-7.9,592.6,24.7,NA,NA,371,48.6883,9.2235
4928,Stuttgart (Schnarrenberg),Baden-Wuerttemberg,2020-01-15,5.39,11.96,16.74,7.41,NA,2177.53,30.2,34.9,-5.3,498.5,21.9,NA,NA,314,48.8281,9.2
4978,Tann/Rhoen,Hessen,2020-01-15,NA,9.93,14.7,4.94,NA,NA,NA,34.7,-7.6,697.1,23.4,NA,NA,395,50.639,10.0228
5009,Teterow,Mecklenburg-Vorpommern,2020-01-15,NA,10.4,14.61,6.19,NA,1866.33,NA,33.1,-4.8,556.2,36.9,NA,NA,38,53.761,12.5574
5017,Teuschnitz,Bayern,2020-01-15,NA,8.37,12.43,4.5,NA,NA,NA,32,-8.4,974.4,45.5,NA,NA,633,50.4002,11.3888
5017,Teuschnitz,Bayern,2020-01-15,NA,8.37,12.43,4.5,NA,NA,NA,32,-8.4,974.4,45.5,NA,NA,633,50.4002,11.3889
5029,Tholey,Saarland,2020-01-15,5.43,11.11,15.07,7.25,2.78,2009.9,26.3,34.9,-4.1,986.4,31.6,NA,NA,386,49.4737,7.0385
5046,Tirschenreuth-Lodermuehl,Bayern,2020-01-15,NA,8.69,13.96,3.27,NA,NA,NA,33.5,-9.3,621.9,47.4,NA,NA,501,49.8576,12.3542
5064,Toenisvorst,Nordrhein-Westfalen,2020-01-15,NA,12.16,17.14,7.22,NA,NA,NA,37.4,-5.2,564.9,24.6,NA,NA,37,51.2897,6.4437
5097,Tribsees,Mecklenburg-Vorpommern,2020-01-15,NA,10.15,14.7,5.34,NA,NA,NA,33.8,-5.6,520.9,22.6,NA,NA,10,54.0661,12.7675
5100,Trier-Petrisberg,Rheinland-Pfalz,2020-01-15,NA,11.62,16.73,6.97,2.69,1951.77,30.7,38.6,-7.1,657.9,28.8,NA,NA,265,49.7479,6.6583
5109,Trollenhagen,Mecklenburg-Vorpommern,2020-01-15,5.2,10.37,14.51,6.07,NA,1780.84,NA,34.8,-5.2,456.5,18.5,NA,NA,69,53.5997,13.3039
5111,Trostberg,Bayern,2020-01-15,NA,9.86,14.66,5.44,NA,NA,NA,32.5,-7.6,1023.4,62.1,NA,NA,560,48.0311,12.5396
5133,Twistetal-Muehlhausen,Hessen,2020-01-15,NA,10.03,14.91,4.95,NA,NA,NA,35.7,-7.1,560.2,21.1,NA,NA,295,51.3344,8.9132
5142,Ueckermuende,Mecklenburg-Vorpommern,2020-01-15,NA,10.46,14.36,6.12,NA,1824.93,NA,33.6,-6.7,476.4,32.2,NA,NA,1,53.7444,14.0697
5146,Uelzen,Niedersachsen,2020-01-15,NA,10.63,15.59,5.55,NA,1775.72,NA,35.3,-5.5,541.9,25.9,NA,NA,50,52.9414,10.5289
15444,Ulm-Maehringen,Baden-Wuerttemberg,2020-01-15,NA,9.13,14.11,3.98,NA,2047.02,NA,32.9,-7.5,701.7,36.6,NA,NA,593,48.4418,9.9216
5158,Ummendorf,Sachsen-Anhalt,2020-01-15,4.52,10.69,15.05,6.21,2.85,2005.52,26.1,34.6,-4.8,459,58,NA,NA,162,52.1601,11.1759
7428,Veilsdorf,Thueringen,2020-01-15,NA,9.37,14.64,4.07,NA,NA,NA,35.2,-8.2,733.9,29.4,NA,NA,397,50.4167,10.8156
5229,Villingen-Schwenningen,Baden-Wuerttemberg,2020-01-15,NA,8.96,14.92,3.35,NA,NA,NA,34.8,-9.1,765.6,32.9,NA,NA,719,48.0453,8.4608
4896,Wagersrott,Schleswig-Holstein,2020-01-15,NA,10.12,14.09,6.23,NA,NA,NA,30.6,-3.2,800.2,49.6,NA,NA,40,54.6654,9.805
5275,Waghaeusel-Kirrlach,Baden-Wuerttemberg,2020-01-15,NA,12.62,17.91,7.43,NA,NA,NA,37.1,-6.2,526.1,27,NA,NA,105,49.2445,8.5374
13674,Waibstadt,Baden-Wuerttemberg,2020-01-15,5.2,11.43,16.33,6.58,2.27,1907.09,27.8,34.9,-5.3,736.9,38,NA,NA,237,49.2943,8.9053
5300,Waldems-Reinborn,Hessen,2020-01-15,NA,10.57,14.85,6.26,NA,NA,NA,35,-5.5,572.4,31.1,NA,NA,380,50.2596,8.3607
7370,Waldmuenchen,Bayern,2020-01-15,NA,8.77,13.7,3.76,NA,1852.25,NA,32.7,-8.6,691.6,22,NA,NA,499,49.391,12.6838
5335,Waltershausen,Thueringen,2020-01-15,NA,10.08,14.91,5.3,NA,NA,NA,35,-7.4,636.4,56.4,NA,NA,348,50.8963,10.548400000000001
13696,Waltrop-Abdinghof,Nordrhein-Westfalen,2020-01-15,NA,11.57,16.43,6.25,NA,NA,NA,35.4,-6.5,691,45,NA,NA,60,51.5966,7.4048
5347,Warburg,Nordrhein-Westfalen,2020-01-15,NA,10.25,14.92,5.3,NA,NA,NA,34.1,-7.5,646.1,61.3,NA,NA,236,51.5039,9.1118
5349,Waren (Mueritz),Mecklenburg-Vorpommern,2020-01-15,NA,10.61,14.61,6.74,2.47,1902.5,25,34,-2.9,552.4,20.7,NA,NA,73,53.5196,12.6654
5371,Wasserkuppe,Hessen,2020-01-15,5.71,7.28,11.05,4.09,3.78,1814.86,40.2,30.5,-8.5,1041.8,43.6,NA,541,921,50.4973,9.9427
5397,Weiden,Bayern,2020-01-15,5.54,9.55,14.35,4.85,1.87,1719.33,30,34.2,-8.1,633.8,26.3,NA,NA,440,49.6662,12.1844
5397,Weiden,Bayern,2020-01-15,5.54,9.55,14.35,4.85,1.87,1719.33,30,34.2,-8.1,633.8,26.3,NA,NA,440,49.6663,12.1845
6158,Weidenbach-Weiherschneidbach,Bayern,2020-01-15,NA,9.68,14.65,4.45,NA,NA,NA,34.5,-7.4,569.1,27,NA,NA,455,49.2247,10.6084
5404,Weihenstephan-Duernast,Bayern,2020-01-15,NA,9.62,14.67,4.57,2.09,2129.64,32.3,33.4,-7.2,741.4,24.8,NA,NA,477,48.4024,11.6946
1327,Weilerswist-Lommersum,Nordrhein-Westfalen,2020-01-15,NA,11.82,16.79,6.57,NA,2003.34,NA,37.5,-6.8,479.7,27.2,NA,NA,147,50.7119,6.7905
5424,Weimar-Schoendorf,Thueringen,2020-01-15,NA,10.61,14.98,6.35,NA,1979.65,NA,35.3,-5.9,552.9,33.8,NA,NA,328,51.0177,11.3544
4094,"Weingarten, Kr. Ravensburg",Baden-Wuerttemberg,2020-01-15,NA,10.23,15.76,4.93,1.78,NA,29.5,34,-7.3,949.8,49.4,NA,NA,440,47.8062,9.6206
5433,Weiskirchen/Saar,Saarland,2020-01-15,NA,11.23,15.81,7.17,NA,1871.15,NA,36.6,-4.1,1159.2,36.5,NA,NA,380,49.5534,6.812
5440,Weissenburg-Emetzheim,Bayern,2020-01-15,5.39,10.04,14.83,5.08,2.43,2111.16,29.6,34.5,-7.2,616.2,19.1,NA,NA,439,49.0115,10.9308
6093,Wendisch Evern,Niedersachsen,2020-01-15,NA,10.68,15.37,6.25,NA,NA,NA,33.8,-4.2,606.2,26.6,NA,NA,62,53.2139,10.4704
5480,Werl,Nordrhein-Westfalen,2020-01-15,NA,11.54,16.05,6.61,NA,1850.46,NA,34.9,-6.4,608.8,35.2,NA,NA,85,51.5763,7.8879
5490,Wernigerode,Sachsen-Anhalt,2020-01-15,NA,10.92,15.44,5.93,2.3,1969.62,35.2,34.5,-6.7,438.7,30.9,NA,NA,233,51.8454,10.7686
5538,Wielenbach (Demollstr.),Bayern,2020-01-15,NA,9.28,15.54,3.59,NA,2056.2,NA,33.7,-10.4,1046.3,59.1,NA,NA,551,47.8827,11.1576
5541,Wiesbaden-Auringen,Hessen,2020-01-15,NA,10.84,15.63,6.05,NA,NA,NA,36.5,-6,632.1,21.7,NA,NA,263,50.132,8.317
5629,Wittenberg,Sachsen-Anhalt,2020-01-15,NA,11.21,15.83,6.53,NA,1888.47,NA,36.3,-5.1,591.5,60.8,NA,NA,105,51.8892,12.6445
5280,Wittenborn,Schleswig-Holstein,2020-01-15,NA,10.3,14.71,5.83,NA,NA,NA,32.4,-3.6,735.4,29.2,NA,NA,35,53.9224,10.2267
7432,Wittingen-Vorhop,Niedersachsen,2020-01-15,NA,10.67,15.29,5.63,NA,1870.11,NA,34.5,-6.4,609.2,44.1,NA,NA,72,52.6423,10.6627
5643,Wittstock-Rote Muehle,Brandenburg,2020-01-15,NA,10.21,15.04,5.21,NA,NA,NA,35,-6.3,648.1,39,NA,NA,66,53.1864,12.4949
5664,Wolfach,Baden-Wuerttemberg,2020-01-15,NA,10.97,16.92,6.03,NA,NA,NA,36.8,-5.3,1121,44.8,NA,NA,296,48.2953,8.2391
5692,Worms,Rheinland-Pfalz,2020-01-15,NA,12,17.18,6.45,NA,NA,NA,35.6,-7.6,452.2,20.8,NA,NA,88,49.6051,8.3659
5014,Worpswede-Huettenbusch,Niedersachsen,2020-01-15,NA,10.67,15.34,5.77,NA,NA,NA,33.7,-5.4,677.2,24.1,NA,NA,7,53.2758,8.9857
5705,Wuerzburg,Bayern,2020-01-15,5.46,11.31,16.2,6.55,2.45,NA,32.1,36.3,-6.2,494.1,23.6,NA,NA,268,49.7704,9.9576
7394,Wunsiedel-Schoenbrunn,Bayern,2020-01-15,NA,8.44,12.49,4.37,NA,1846.5,NA,32.2,-7.3,731.4,56.1,NA,NA,622,50.0315,11.9745
5717,Wuppertal-Buchenhofen,Nordrhein-Westfalen,2020-01-15,NA,11.45,16.14,6.67,NA,NA,NA,36.1,-5.5,996.3,29.3,NA,NA,134,51.2256,7.1052
5750,Zeitz,Sachsen-Anhalt,2020-01-15,NA,11.06,15.67,6.79,NA,NA,NA,35.6,-5.7,497.4,NA,NA,NA,264,51.0314,12.1495
5779,Zinnwald-Georgenfeld,Sachsen,2020-01-15,NA,6.71,10.17,3.48,3.36,NA,25.6,28.6,-9.4,914.8,35.5,NA,NA,877,50.7314,13.7516
5792,Zugspitze,Bayern,2020-01-15,NA,-2.69,0.18,-5.34,3.5,2023.23,43.8,15,-19.6,1928.6,65.8,NA,56188,2965,47.421,10.9848
5800,Zwiesel,Bayern,2020-01-15,NA,8.1,13.52,2.75,NA,1904.6,29.3,31.8,-10.6,1051.1,26.1,NA,NA,615,49.028,13.2385
